link,id_option,nome_option
https://www.camara.leg.br/presenca-comissoes/votacao-portal?reuniao=59265,9349,PL Nº 23/2020 - SUBEMENDA SUBSTITUTIVA GLOBAL (Simbólica)
https://www.camara.leg.br/presenca-comissoes/votacao-portal?reuniao=59265,9350,PL Nº 23/2020 - DTQ 4 - PT - EMENDA 9 (Simbólica)
https://www.camara.leg.br/presenca-comissoes/votacao-portal?reuniao=59275,9351,CMC Nº 1/2020 - PRELIMINAR À CMC Nº 1/2020 - QUÓRUM DE VOTAÇÃO (Nominal)
https://www.camara.leg.br/presenca-comissoes/votacao-portal?reuniao=59275,9352,CMC Nº 1/2020 - PARECER DA CCJ À CMC Nº 1/2020 (Nominal)
https://www.camara.leg.br/presenca-comissoes/votacao-portal?reuniao=59290,9353,MPV Nº 897/2019 - REQUERIMENTO DE ADIAMENTO DA VOTAÇÃO POR 2 SESSÕES (Nominal)
https://www.camara.leg.br/presenca-comissoes/votacao-portal?reuniao=59290,9354,MPV Nº 897/2019 - REQUERIMENTO DE VOTAÇÃO ARTIGO POR ARTIGO (Nominal)
https://www.camara.leg.br/presenca-comissoes/votacao-portal?reuniao=59290,9355,MPV Nº 897/2019 - PARECER DA C.M P/ ATEND. DOS PRESSUPOSTOS CONSTITUCIONAIS... (Nominal)
https://www.camara.leg.br/presenca-comissoes/votacao-portal?reuniao=59290,9356,MPV Nº 897/2019 - PARECER DA C.M P/ NÃO ATEND. DOS PRESSUPOSTOS CONSTITUCIONAIS (Nominal)
https://www.camara.leg.br/presenca-comissoes/votacao-portal?reuniao=59298,9357,MPV Nº 897/2019 - REQUERIMENTO DE RETIRADA DE PAUTA (Nominal)
https://www.camara.leg.br/presenca-comissoes/votacao-portal?reuniao=59298,9358,MPV Nº 897/2019 - DTQ 1 - PT - DESTAQUE DE PREFERÊNCIA PARA A MPV Nº 897/2019 (Nominal)
https://www.camara.leg.br/presenca-comissoes/votacao-portal?reuniao=59298,9359,MPV Nº 897/2019 - VOTAÇÃO DA ADMISSIBILIDADE DO DESTAQUE SIMPLES (Nominal)
https://www.camara.leg.br/presenca-comissoes/votacao-portal?reuniao=59298,9360,MPV Nº 897/2019 - PROJETO DE LEI DE CONVERSÃO Nº 30/2019 (Nominal)
https://www.camara.leg.br/presenca-comissoes/votacao-portal?reuniao=59317,9365,MPV Nº 897/2019 - REQUERIMENTO DE RETIRADA DE PAUTA (Nominal)
https://www.camara.leg.br/presenca-comissoes/votacao-portal?reuniao=59317,9366,MPV Nº 897/2019 - DTQ 15 - PCdoB - ART. 28 DO PLV (Nominal)
https://www.camara.leg.br/presenca-comissoes/votacao-portal?reuniao=59317,9367,"MPV Nº 897/2019 - DTQ 3 - PT - § 1º DO ART. 1º DA LEI Nº 8.427/1992, NA REDAÇÃO DADA... (Nominal)"
https://www.camara.leg.br/presenca-comissoes/votacao-portal?reuniao=59331,9368,MPV Nº 897/2019 - REQUERIMENTO DE RETIRADA DE PAUTA (Nominal)
https://www.camara.leg.br/presenca-comissoes/votacao-portal?reuniao=59331,9369,MPV Nº 897/2019 - DTQ 16 - DEM - ART. 18 CONSTANTE DO ART. 42 DO PLV (Nominal)
https://www.camara.leg.br/presenca-comissoes/votacao-portal?reuniao=59331,9370,MPV Nº 897/2019 - DTQ 14 - PSOL - ART. 47 DO PLV (Nominal)
https://www.camara.leg.br/presenca-comissoes/votacao-portal?reuniao=59331,9371,MPV Nº 897/2019 - DTQ 8 - PSD - ART. 55 DO PLV (Nominal)
https://www.camara.leg.br/presenca-comissoes/votacao-portal?reuniao=59331,9372,MPV Nº 897/2019 - DTQ 5 - DEM - EMENDA Nº 78 (Nominal)
https://www.camara.leg.br/presenca-comissoes/votacao-portal?reuniao=59331,9373,MPV Nº 897/2019 - DTQ 12 - PSB - ART. 58 DO PLV (Simbólica)
https://www.camara.leg.br/presenca-comissoes/votacao-portal?reuniao=59338,9374,MPV Nº 897/2019 - REQUERIMENTO DE RETIRADA DE PAUTA (Nominal)
https://www.camara.leg.br/presenca-comissoes/votacao-portal?reuniao=59338,9375,MPV Nº 897/2019 - DTQ 9 - NOVO - ART. 60 DO PLV (Simbólica)
https://www.camara.leg.br/presenca-comissoes/votacao-portal?reuniao=59338,9376,MPV Nº 897/2019 - DTQ 2 - PT - INCISO VII DO ART. 64 DO PLV (Nominal)
https://www.camara.leg.br/presenca-comissoes/votacao-portal?reuniao=59481,9389,PDC Nº 1156/2018 - PROJETO DE DECRETO LEGISLATIVO (Simbólica)
https://www.camara.leg.br/presenca-comissoes/votacao-portal?reuniao=59500,9390,PRC Nº 11/2020 - PROJETO DE RESOLUÇÃO (Simbólica)
https://www.camara.leg.br/presenca-comissoes/votacao-portal?reuniao=59500,9391,PLP Nº 232/2019 - PROJETO DE LEI COMPLEMENTAR (Simbólica)
https://www.camara.leg.br/presenca-comissoes/votacao-portal?reuniao=59500,9392,PL Nº 668/2020 - PROJETO DE LEI (Simbólica)
https://www.camara.leg.br/presenca-comissoes/votacao-portal?reuniao=59500,9393,PDL Nº 87/2020 - PROJETO DE DECRETO LEGISLATIVO (Simbólica)
https://www.camara.leg.br/presenca-comissoes/votacao-portal?reuniao=59509,9394,PDL Nº 88/2020 - PROJETO DE DECRETO LEGISLATIVO (Simbólica)
https://www.camara.leg.br/presenca-comissoes/votacao-portal?reuniao=59527,28414,Votação do PL 696/2020
https://www.camara.leg.br/presenca-comissoes/votacao-portal?reuniao=59527,28412,Votação do PL 786/2020
https://www.camara.leg.br/presenca-comissoes/votacao-portal?reuniao=59530,28452,Votação da Subemenda Substitutiva Global da CSSF
https://www.camara.leg.br/presenca-comissoes/votacao-portal?reuniao=59530,28450,Votação do Substitutivo ao PL 805/2020
https://www.camara.leg.br/presenca-comissoes/votacao-portal?reuniao=59530,28448,Req. de Urgência do PL 702/2020
https://www.camara.leg.br/presenca-comissoes/votacao-portal?reuniao=59530,28436,Votação do Substitutivo da CTASP apresentado ao PL 702/2020
https://www.camara.leg.br/presenca-comissoes/votacao-portal?reuniao=59536,28492,PLP 232/2019 - Votação da Emenda do Senado ao PLP 232/2019 (nominal)
https://www.camara.leg.br/presenca-comissoes/votacao-portal?reuniao=59536,28485,PL 668/2020 - Votação do Substitutivo do Senado ao PL 668/2020
https://www.camara.leg.br/presenca-comissoes/votacao-portal?reuniao=59536,28484,MPV 903/19 - Votação da MPV 903/2019
https://www.camara.leg.br/presenca-comissoes/votacao-portal?reuniao=59536,28482,"MPV 903/19 - Votação da Emenda 01, com Parecer pela Rejeição"
https://www.camara.leg.br/presenca-comissoes/votacao-portal?reuniao=59536,28481,MPV 903/19 - Votação do Parecer da C.M pelo atendimento dos pressupostos constitucionais
https://www.camara.leg.br/presenca-comissoes/votacao-portal?reuniao=59539,28583,PL 985/2020 - Subemenda Substitutiva
https://www.camara.leg.br/presenca-comissoes/votacao-portal?reuniao=59539,28577,PL 985/20 - DTQ 2 - PSOL
https://www.camara.leg.br/presenca-comissoes/votacao-portal?reuniao=59539,28576,PL 1161/20 - DTQ 3 - PT
https://www.camara.leg.br/presenca-comissoes/votacao-portal?reuniao=59539,28572,PL 864/20 - DTQ 3 - REPUBLICANOS
https://www.camara.leg.br/presenca-comissoes/votacao-portal?reuniao=59539,28520,PL 864/2020 - Substitutivo
https://www.camara.leg.br/presenca-comissoes/votacao-portal?reuniao=59542,28607,"PEC 10/20 - Votação em globo para apoiamento das emendas apresentadas à PEC 10/20, em cumprimento ao quorum do §3º do art. 202 do RICD (nominal)"
https://www.camara.leg.br/presenca-comissoes/votacao-portal?reuniao=59542,28598,Proposição Legislativa n. 1/2020 - Votação de Minuta de Proposição Legislativa n. 1/2020 (nominal)
https://www.camara.leg.br/presenca-comissoes/votacao-portal?reuniao=59542,28593,PL 1161/2020 - Subemenda Substitutiva
https://www.camara.leg.br/presenca-comissoes/votacao-portal?reuniao=59543,28644,"PEC 10/2020 - DTQ 2 - Novo - Votação em separado do trecho ""e direito creditório e títulos privados de crédito em mercados secundários, no âmbito de mercados financeiros, de capitais e de pagamentos"" (nominal)"
https://www.camara.leg.br/presenca-comissoes/votacao-portal?reuniao=59543,28643,PEC 10/2020 - DTQ 1 PSOL (nominal)
https://www.camara.leg.br/presenca-comissoes/votacao-portal?reuniao=59543,28642,PEC 10/2020 - REQ - NOVO - Votação de REQ para votação art.por art. da PEC 10/20
https://www.camara.leg.br/presenca-comissoes/votacao-portal?reuniao=59543,28641,PEC 10/2020 - REQ de adiamento de votação da PEC 10/20 (nominal)
https://www.camara.leg.br/presenca-comissoes/votacao-portal?reuniao=59543,28634,PLP 149/2019 - Votação do REQ de urgência para o PLP 149/19 (art. 155 do RICD) (nominal)
https://www.camara.leg.br/presenca-comissoes/votacao-portal?reuniao=59543,28632,PEC 10/2020 - Votação em segundo turno da PEC 10/20 (nominal)
https://www.camara.leg.br/presenca-comissoes/votacao-portal?reuniao=59543,28625,"PEC 10/2020 - DTQ 14 - PSOL - Votação em separado do §9º do art. 115 do Ato das Disposições Constitucionais Transitórias, constante do art. 1º do substitutivo apresentado à PEC 10/2020, para sua supressão. (161, I) (nominal)"
https://www.camara.leg.br/presenca-comissoes/votacao-portal?reuniao=59543,28621,PEC 10/2020 - Votação em Primeiro Turno do Substitutivo à PEC 10/20 (nominal)
https://www.camara.leg.br/presenca-comissoes/votacao-portal?reuniao=59549,28665,PL 848/20 - Requerimento de Urgência ao PL 848/20
https://www.camara.leg.br/presenca-comissoes/votacao-portal?reuniao=59549,28664,PL 848/20 - Votação da Subemenda Substitutiva ao PL 848/20
https://www.camara.leg.br/presenca-comissoes/votacao-portal?reuniao=59557,28765,"PL 1006/20 - Votação das Emendas 1, 2 e 3 com parecer pela rejeição"
https://www.camara.leg.br/presenca-comissoes/votacao-portal?reuniao=59557,28762,PL 675/2020 - Votação do Substitutivo
https://www.camara.leg.br/presenca-comissoes/votacao-portal?reuniao=59557,28760,PL 1088/20 - Requerimento de Urgência n. 525/20 ao PL 1088/20 (nominal)
https://www.camara.leg.br/presenca-comissoes/votacao-portal?reuniao=59557,28758,PL 1006/20 - Requerimento de Urgência n. 617/20 ao PL 1006/20
https://www.camara.leg.br/presenca-comissoes/votacao-portal?reuniao=59557,28757,PL 1006/20 - Votação do PL 1006/2020
https://www.camara.leg.br/presenca-comissoes/votacao-portal?reuniao=59557,28735,PL 1106/20 - Votação do Substitutivo ao PL 1106/20
https://www.camara.leg.br/presenca-comissoes/votacao-portal?reuniao=59557,28734,PL 1106/20 - Requerimento de Urgência n. 603/20 ao PL 1106/20
https://www.camara.leg.br/presenca-comissoes/votacao-portal?reuniao=59557,28729,PL 873/20 - Requerimento de Urgência n. 598/2020 ao PL 873/20
https://www.camara.leg.br/presenca-comissoes/votacao-portal?reuniao=59560,28856,"PLP 149/19 - DTQ 41 - Bloco PL, PP e outros - Destaque para votação da Emenda n. 111, apresentada ao PLP 149/2019 (art. 161, II) (nominal)"
https://www.camara.leg.br/presenca-comissoes/votacao-portal?reuniao=59560,28842,"PLP 149/19 - DTQ 31 - Bloco PL, PP e outros - Destaque para votação da Emenda n. 94, apresentada ao PLP 149/2019 (art. 161, II) (nominal)"
https://www.camara.leg.br/presenca-comissoes/votacao-portal?reuniao=59560,28840,"PLP 149/19 - DTQ 29 - Bloco PL, PP e outros - Destaque para votação da Emenda n. 35, apresentada ao PLP 149/2019 (art. 161, II) (nominal)"
https://www.camara.leg.br/presenca-comissoes/votacao-portal?reuniao=59560,28819,PLP 149/19 - Votação da Subemenda Substitutiva ao PLP 149/19 (nominal)
https://www.camara.leg.br/presenca-comissoes/votacao-portal?reuniao=59560,28813,"PLP 149/19 - REQ para votação em globo da admissibilidade dos destaques simples - Bloco PL, PP e outros"
https://www.camara.leg.br/presenca-comissoes/votacao-portal?reuniao=59560,28811,PLP 149/19 - Votação em globo da admissibilidade dos destaques simples
https://www.camara.leg.br/presenca-comissoes/votacao-portal?reuniao=59565,28889,REQ de encerramento de discussão e encaminhamento da votação (nominal)
https://www.camara.leg.br/presenca-comissoes/votacao-portal?reuniao=59565,28859,requerimento de retirada de pauta (nominal)
https://www.camara.leg.br/presenca-comissoes/votacao-portal?reuniao=59569,28918,MPV 905/19 - DTQ 107 - NOVO (nominal)
https://www.camara.leg.br/presenca-comissoes/votacao-portal?reuniao=59569,28917,MPV 905/19 - DTQ 105 - PSL (nominal)
https://www.camara.leg.br/presenca-comissoes/votacao-portal?reuniao=59569,28911,MPV 905/19 - DTQ 98 - PT (nominal)
https://www.camara.leg.br/presenca-comissoes/votacao-portal?reuniao=59569,28910,Votação da Emenda Aglutinativa oferecida à MPV 905/19 (nominal)
https://www.camara.leg.br/presenca-comissoes/votacao-portal?reuniao=59569,28907,MPV 905/19 - DTQ 94 - PP
https://www.camara.leg.br/presenca-comissoes/votacao-portal?reuniao=59569,28906,Consulta Votação Parcelada (nominal)
https://www.camara.leg.br/presenca-comissoes/votacao-portal?reuniao=59569,28905,Parecer da Comissão Mista pelo NÃO atendimento dos pressupostos constitucionais (nominal)
https://www.camara.leg.br/presenca-comissoes/votacao-portal?reuniao=59569,28904,Parecer da Comissão Mista pelo atendimento dos pressupostos constitucionais (nominal)
https://www.camara.leg.br/presenca-comissoes/votacao-portal?reuniao=59569,28898,REQ de retirada de pauta (nominal)
https://www.camara.leg.br/presenca-comissoes/votacao-portal?reuniao=59570,28930,MPV 905/19 - DTQ 102 - PSOL (nominal)
https://www.camara.leg.br/presenca-comissoes/votacao-portal?reuniao=59570,28929,MPV 905/19 - DTQ 39 - PP (nominal)
https://www.camara.leg.br/presenca-comissoes/votacao-portal?reuniao=59570,28928,MPV 905/19 - DTQ 104 - PODEMOS
https://www.camara.leg.br/presenca-comissoes/votacao-portal?reuniao=59570,28926,MPV 905/19 - DTQ 88 - PSB (nominal)
https://www.camara.leg.br/presenca-comissoes/votacao-portal?reuniao=59570,28925,MPV 905/19 - DTQ 108 - REPUBLICANOS (nominal)
https://www.camara.leg.br/presenca-comissoes/votacao-portal?reuniao=59570,28924,MPV 905/19 - DTQ 103 - PCdoB (nominal)
https://www.camara.leg.br/presenca-comissoes/votacao-portal?reuniao=59570,28923,MPV 905/19 - DTQ 100 - PDT (nominal)
https://www.camara.leg.br/presenca-comissoes/votacao-portal?reuniao=59571,28984,PL 873/2020 - Votação da Subemenda Substitutiva Global
https://www.camara.leg.br/presenca-comissoes/votacao-portal?reuniao=59571,28983,PL 873/2020 - DTQ 19 - PSOL
https://www.camara.leg.br/presenca-comissoes/votacao-portal?reuniao=59571,28981,PL 873/2020 - DTQ 17 - PT
https://www.camara.leg.br/presenca-comissoes/votacao-portal?reuniao=59571,28979,PL 873/2020 - DTQ 15 - PT (nominal)
https://www.camara.leg.br/presenca-comissoes/votacao-portal?reuniao=59571,28977,PL 873/2020 - DTQ 13 - PT
https://www.camara.leg.br/presenca-comissoes/votacao-portal?reuniao=59571,28954,PL 873/2020 - DTQ 7 - PSB
https://www.camara.leg.br/presenca-comissoes/votacao-portal?reuniao=59571,28953,PL 873/2020 - DTQ 6 - PSB
https://www.camara.leg.br/presenca-comissoes/votacao-portal?reuniao=59573,29020,PL 1282/2020 DTQ 10 (PDT) DVS
https://www.camara.leg.br/presenca-comissoes/votacao-portal?reuniao=59573,29018,PL 1282/2020 DTQ 6 (PT) Emenda 42
https://www.camara.leg.br/presenca-comissoes/votacao-portal?reuniao=59573,29017,PL 1282/2020 DTQ 8 (PT) Emenda 48
https://www.camara.leg.br/presenca-comissoes/votacao-portal?reuniao=59573,29016,PL 1282/2020 - DTQ 5 (PSB) Emenda 3
https://www.camara.leg.br/presenca-comissoes/votacao-portal?reuniao=59573,29015,PL 1282/2020 - DTQ 2 (PT) Emenda 14
https://www.camara.leg.br/presenca-comissoes/votacao-portal?reuniao=59573,29011,PL 1282/2020 - Subemenda Substitutiva
https://www.camara.leg.br/presenca-comissoes/votacao-portal?reuniao=59573,29009,REQ 633/2020
https://www.camara.leg.br/presenca-comissoes/votacao-portal?reuniao=59577,29059,PL 1079/2020 - Verificação
https://www.camara.leg.br/presenca-comissoes/votacao-portal?reuniao=59577,29055,MPV 906/2019 - Sub
https://www.camara.leg.br/presenca-comissoes/votacao-portal?reuniao=59577,29054,MPV 906/2019 - Parecer
https://www.camara.leg.br/presenca-comissoes/votacao-portal?reuniao=59577,29025,PL 1389/2020 -
https://www.camara.leg.br/presenca-comissoes/votacao-portal?reuniao=59577,29024,PL 1079/2020 -
https://www.camara.leg.br/presenca-comissoes/votacao-portal?reuniao=59580,29081,"MPV 907/19 - DTQ 13 - NOVO - Votação em separado do artigo 33 do PLV apresentado à MP 907/19, com vistas à sua supressão. (161, I)"
https://www.camara.leg.br/presenca-comissoes/votacao-portal?reuniao=59580,29080,"MPV 907/19 - DTQ 12 - PSOL - Votação em separado do inciso I do §2º do art. 35, do PLV apresentado à MPV nº 907 de 2019, para fins de supressão."
https://www.camara.leg.br/presenca-comissoes/votacao-portal?reuniao=59580,29077,MPV 907/19 - Votação do Parecer da Comissão Mista pelo atendimento dos pressupostos constitucionais.
https://www.camara.leg.br/presenca-comissoes/votacao-portal?reuniao=59580,29076,MPV 907/19 - Votação do PLV 1/2020
https://www.camara.leg.br/presenca-comissoes/votacao-portal?reuniao=59580,29074,MPV 907/19 - DTQ 8 - PT - Votação em separado do art. 3º do PLV apresentado à MPV 907/2019. (art. 161)
https://www.camara.leg.br/presenca-comissoes/votacao-portal?reuniao=59580,29073,"MPV 907/19 - DTQ 9 - PDT - Votação da Emenda 1 (art. 161, II)"
https://www.camara.leg.br/presenca-comissoes/votacao-portal?reuniao=59580,29072,"MPV 907/19 - DTQ 7 - PT - Votação da Emenda de Plenário nº 8 (art. 161, II)"
https://www.camara.leg.br/presenca-comissoes/votacao-portal?reuniao=59580,29071,"MPV 907/19 - DTQ 6 - PT - Votação da Emenda de Plenário de nº 13 (art. 161, II)"
https://www.camara.leg.br/presenca-comissoes/votacao-portal?reuniao=59580,29069,"MPV 907/19 - DTQ 3 - PCdoB - Votação do Art. 31, do PLV apresentado à MP 907/19. (com vistas a sua supressão) (161, I) (nominal)"
https://www.camara.leg.br/presenca-comissoes/votacao-portal?reuniao=59580,29068,"MPV 907/19 - DTQ 2 - PP - Votação da Emenda de Comissão nº 43, apresentada à MPV 907, de 2019."
https://www.camara.leg.br/presenca-comissoes/votacao-portal?reuniao=59580,29064,MPV 907/19 - Votação da Subemenda Substitutiva ao PLV 1/2020
https://www.camara.leg.br/presenca-comissoes/votacao-portal?reuniao=59580,29061,"MPV 907/19 - DTQ 11 - PSL - Votação da Emenda de Plenário nº 17 (art. 161, II) (nominal)"
https://www.camara.leg.br/presenca-comissoes/votacao-portal?reuniao=59584,29146,"PL 1079/2020 - DTQ 8 - PT - Destaque da Emenda n. 20, apresentada ao PL 1.079/2020 (nominal)"
https://www.camara.leg.br/presenca-comissoes/votacao-portal?reuniao=59584,29144,PL 1079/2020 - DTQ 11 - PSOL - Destaque para votação em separado da Emenda de Plenário número 21 ao PL 1079 de 2020
https://www.camara.leg.br/presenca-comissoes/votacao-portal?reuniao=59584,29143,"PL 1079/2020 - DTQ 3 - PT - Destaque da expressão ""Fica o Poder Executivo autorizado a suspender por 6 meses a cobrança das parcelas de amortização das dívidas provenientes do programa FIES no período de restrição à locomoção e ou emergência e ou calamidade provocados pela pandemia Covid-19"" contida na Emenda n. 5, apresentada ao PL 1.079/2020 (nominal)"
https://www.camara.leg.br/presenca-comissoes/votacao-portal?reuniao=59584,29142,"PL 1079/2020 - DTQ 5 - PSB - Destaque para votação da Emenda nº 13, apresentada ao PL 1079/2020 (nominal)"
https://www.camara.leg.br/presenca-comissoes/votacao-portal?reuniao=59584,29141,"PL 1079/2020 - DTQ 4 - PT - Destaque da Emenda n. 16, apresentada ao PL 1.079/2020"
https://www.camara.leg.br/presenca-comissoes/votacao-portal?reuniao=59584,29140,"PL 1079/2020 - DTQ 12 - PCdoB - Destaque do Art. 2 contido da Emenda 22 apresentada ao PL 1079/2020, para ser incluído onde couber"
https://www.camara.leg.br/presenca-comissoes/votacao-portal?reuniao=59584,29113,PL 1409/2020 - Votação do Substitutivo ao PL 1409/2020
https://www.camara.leg.br/presenca-comissoes/votacao-portal?reuniao=59585,29217,"PL 1304/2020 - DTQ 9 - PSB - Emenda de Plenário nº 3 (art. 161, II)"
https://www.camara.leg.br/presenca-comissoes/votacao-portal?reuniao=59585,29216,"PL 1304/20 - DTQ 8 - PCdoB - Emenda de plenário n. 7, com vistas a sua aprovação. (161, II)"
https://www.camara.leg.br/presenca-comissoes/votacao-portal?reuniao=59585,29215,"PL 1304/20 - DTQ 6 - PSOL - Destaque para votação em separado do §5°, do inciso VI, do Art. 2° da Lei nº 10.304, de 5 de novembro de 2001, constante do Art. 2° do substitutivo apresentado ao PL n° 1.304 de 2020, para sua supressão."
https://www.camara.leg.br/presenca-comissoes/votacao-portal?reuniao=59585,29208,"MPV 915/19 - Requerimento de Retirada de Pauta, do PSOL (nominal)"
https://www.camara.leg.br/presenca-comissoes/votacao-portal?reuniao=59585,29181,"PL 1304/2020 - DTQ 2 - do PT - Requer, nos termos do art. 161, II, e § 2º, RICD, destaque para votação da Emenda de plenário de nº 4"
https://www.camara.leg.br/presenca-comissoes/votacao-portal?reuniao=59585,29180,"PL 1304/2020 - DTQ 1 - do PT - Requer, nos termos do art. 161, II, e § 2º, RICD, destaque para votação da emenda de plenário de nº 5. (nominal)"
https://www.camara.leg.br/presenca-comissoes/votacao-portal?reuniao=59585,29179,"PL 1304/2020 - DTQ 3 - do PT - Destaque para votação em separado do art. 1º do PLV apresentado ao PL 1304/2020, com vista à sua supressão. (art. 161, I) (nominal)"
https://www.camara.leg.br/presenca-comissoes/votacao-portal?reuniao=59585,29169,MPV 915/2019 - Votação do Parecer da Comissão Mista pelo Atendimento dos Pressupostos Constitucionais
https://www.camara.leg.br/presenca-comissoes/votacao-portal?reuniao=59585,29166,MPV 915/2019 - Votação do Projeto de Lei de Conversão à MP 915/19
https://www.camara.leg.br/presenca-comissoes/votacao-portal?reuniao=59585,29162,PL 1304/2020 - Votação do Substitutivo ao PL 1304/2020
https://www.camara.leg.br/presenca-comissoes/votacao-portal?reuniao=59585,29150,PL 1409/2020 - Votação da Subemenda Substitutiva ao PL 1409/2020
https://www.camara.leg.br/presenca-comissoes/votacao-portal?reuniao=59588,29281,PEC 10/2020 - Votação emenda de redação nº 1 da Comissão Especial (nominal)
https://www.camara.leg.br/presenca-comissoes/votacao-portal?reuniao=59588,29279,PL1075/20 - Votação de requerimento de urgência nº 562/20 para apreciação do PL 1075/20
https://www.camara.leg.br/presenca-comissoes/votacao-portal?reuniao=59588,29278,"PEC 10/2020 - DTQ 14 - NOVO - Destaque para a votação em separado do inciso II do Artigo 8º do Substitutivo do Senado da PEC 10/2020, com vistas à sua inclusão no texto. (nominal)"
https://www.camara.leg.br/presenca-comissoes/votacao-portal?reuniao=59588,29275,"PEC 10/2020 - DTQ 8 - PT - Destaque do Artigo 4º da PEC 10/2020 (fase 2), para inclusão no texto do Substitutivo, onde couber. (161, IV) (nominal)"
https://www.camara.leg.br/presenca-comissoes/votacao-portal?reuniao=59588,29274,"PEC 10/2020 - DTQ 10 - PSB - Destaque para a votação em separado do parágrafo único do art.3º da PEC 10/20, com vistas a sua supressão. (161,I (nominal)"
https://www.camara.leg.br/presenca-comissoes/votacao-portal?reuniao=59588,29273,"PEC 10/2020 - Votação, em primeiro turno, o artigo 4º e as alíneas ""a"" a ""f"" constantes do inciso II do art. 8º, com parecer pela rejeição, ressalvados os destaques (nominal)"
https://www.camara.leg.br/presenca-comissoes/votacao-portal?reuniao=59588,29266,"PEC 10/2020 - DTQ 7 - PT - destaque, com vistas à rejeição, da expressão ""acima do mínimo obrigatório estabelecido em lei ou no estatuto social vigente na data de entrada em vigor desta Emenda Constitucional"", constante do inciso I do Artigo 9º da PEC 10/2020 (fase 2). (161, I) (nominal)"
https://www.camara.leg.br/presenca-comissoes/votacao-portal?reuniao=59588,29260,"PEC 10/2020 - DTQ 5 - PT - destaque, com vistas à rejeição, da expressão ""secundários"", constante do inciso I do Artigo 8º da PEC 10/2020 (fase 2). (161, I) (nominal)"
https://www.camara.leg.br/presenca-comissoes/votacao-portal?reuniao=59588,29259,"PEC 10/2020 - DTQ 4 - CIDADANIA - DVS da expressão ""desde que, no momento da compra, tenham classificação em categoria de risco de crédito no mercado local equivalente a BB- ou superior, conferida por pelo menos uma das três maiores agências internacionais de classificação de risco,"", constante do Inciso II do Art. 8º da PEC 10/2020. (nominal)"
https://www.camara.leg.br/presenca-comissoes/votacao-portal?reuniao=59588,29253,PEC 10/2020 - Requerimento de Adiamento de Discussão - 2 sessões - PT (nominal)
https://www.camara.leg.br/presenca-comissoes/votacao-portal?reuniao=59588,29251,"PEC 10/2020 - DTQ 2 - PSL - Destaque para votação em separado do art. 11 da PEC 10/2020, para suprimi-lo. (161, I) (nominal)"
https://www.camara.leg.br/presenca-comissoes/votacao-portal?reuniao=59588,29240,"PEC 10/2020 - DTQ 1 - PSOL - Destaque para votação em separado do art. 8º da PEC nº 10 de 2020, para fins de supressão(161,I) (nominal)"
https://www.camara.leg.br/presenca-comissoes/votacao-portal?reuniao=59588,29237,"PEC 10/2020 - Votação em Primeiro Turno dos art. 1º, 2º, 3º, 5º, 6º, 7º , 8º e seus incisos I e II, (exceto as alíneas ""a"" a ""f"" constantes do inciso II do art. 8º), 9º, 10, 11, 12, com parecer pela aprovação, ressalvados os destaques. (nominal)"
https://www.camara.leg.br/presenca-comissoes/votacao-portal?reuniao=59588,29233,PEC 10/2020 - Votação do Parecer de Admissibilidade da PEC 10/20
https://www.camara.leg.br/presenca-comissoes/votacao-portal?reuniao=59594,29358,"PLP 039/20 - DTQ 18 - PSOL- destaque de preferência para votação da Emenda de Plenário n. 31, em detrimento do texto original do PLP 39/2020 (ou de texto que o substitua). (161, IV) (nominal)"
https://www.camara.leg.br/presenca-comissoes/votacao-portal?reuniao=59594,29353,PLP 039/20- Requerimento de Votação Artigo por Artigo - PSOL (nominal)
https://www.camara.leg.br/presenca-comissoes/votacao-portal?reuniao=59594,29346,"PLP 039/20 - DTQ 9 - PT - destaque de preferência para votação da Emenda de Plenário n. 4, em detrimento do texto original do PLP 39/2020 (ou de texto que o substitua). (161, IV) (nominal)"
https://www.camara.leg.br/presenca-comissoes/votacao-portal?reuniao=59594,29334,"PLP39/20 - Votação do PLP 39/20, ressalvados os destaques"
https://www.camara.leg.br/presenca-comissoes/votacao-portal?reuniao=59594,29333,"PLP39/20 - Votação das emendas de Plenário com parecer pela rejeição, ressalvados os destaques (nominal)"
https://www.camara.leg.br/presenca-comissoes/votacao-portal?reuniao=59594,29329,PLP39/20 - Votação do requerimento de urgência 920/20 para o PLP 39/20 (nominal)
https://www.camara.leg.br/presenca-comissoes/votacao-portal?reuniao=59596,29378,PLP 039/20 - DTQ 15 - PDT - destaque para votação em separado da Emenda nº 69 apresentada ao Projeto de Lei Complementar nº 39/2020. (nominal)
https://www.camara.leg.br/presenca-comissoes/votacao-portal?reuniao=59596,29377,"PLP 039/20 - DTQ 11 - PT - destaque da Emenda de Plenário n. 11, apresentada ao PLP 39/2020. (161, II) (nominal)"
https://www.camara.leg.br/presenca-comissoes/votacao-portal?reuniao=59596,29376,"PLP 039/20 - DTQ 19 - CIDADANIA destaque para votação da expressão ""III -servidores da Defesa Agropecuária"", constante da Emenda nº 44, de 2020, apresentada ao Projeto de Lei Complementar n° 39, de 2020, que ""Estabelece o Programa Federativo de Enfrentamento ao Coronavírus SARS-CoV-2 (Covid-19), altera a Lei Complementar nº 101, de 4 de maio de 2000, e dá outras providências."" (nominal)"
https://www.camara.leg.br/presenca-comissoes/votacao-portal?reuniao=59596,29375,"PLP39/20 - Votação da emenda de Plenário 115 com parecer pela aprovação, ressalvado os destaques (nominal)"
https://www.camara.leg.br/presenca-comissoes/votacao-portal?reuniao=59596,29374,"PLP 039/20 - DTQ 14 - BLOCO PP destaque para votação em separado da expressão ""desde que diretamente envolvidos no combate à pandemia do COVID-19"", constante do §6º do artigo 8º ao PLP 39 de 2020, com vistas à sua supressão. (161, I) (nominal)"
https://www.camara.leg.br/presenca-comissoes/votacao-portal?reuniao=59596,29371,"PLP 039/20 - DTQ 21 - PODEMOS - destaque para votação em separado da emenda nº 113 apresentada ao PLP 39/2020. (161, II) (nominal)"
https://www.camara.leg.br/presenca-comissoes/votacao-portal?reuniao=59596,29370,"PLP 039/20 - DTQ 2 - PT - destaque para votação em separado do art. 8º constante do PLP 39/2020 (art. 161, I) (nominal)"
https://www.camara.leg.br/presenca-comissoes/votacao-portal?reuniao=59596,29368,"PLP 039/20 - DTQ 4 - PSB - votação em separado do art. 7º do PLP 39/20, para sua supressão (art. 161, I) (nominal)"
https://www.camara.leg.br/presenca-comissoes/votacao-portal?reuniao=59596,29367,"PLP 039/20 - DTQ 13 - NOVO- destaque para votação em separado da expressão ""taxa de"" constante do inciso I, do §1º, do art. 5º do PLP 39/20, com vistas à sua supressão. (161, I) (nominal)"
https://www.camara.leg.br/presenca-comissoes/votacao-portal?reuniao=59596,29366,"PLP39/20 - Votação do PLP 39/20, ressalvados os destaques (nominal)"
https://www.camara.leg.br/presenca-comissoes/votacao-portal?reuniao=59597,29405,PEC 10/2020 - DTQ 2 (nominal)
https://www.camara.leg.br/presenca-comissoes/votacao-portal?reuniao=59597,29404,PEC 10/2020 DTQ 5 (nominal)
https://www.camara.leg.br/presenca-comissoes/votacao-portal?reuniao=59597,29403,PEC 10/2020 DTQ 1 (nominal)
https://www.camara.leg.br/presenca-comissoes/votacao-portal?reuniao=59597,29381,PEC 10/2020 (Fase 2 - CD) - (nominal)
https://www.camara.leg.br/presenca-comissoes/votacao-portal?reuniao=59601,29485,MPV 915/2019 - Ret. pauta (nominal)
https://www.camara.leg.br/presenca-comissoes/votacao-portal?reuniao=59601,29483,PL 2294/2020 - Vot. partes
https://www.camara.leg.br/presenca-comissoes/votacao-portal?reuniao=59601,29463,MPV 915/2019 - DTQ 12
https://www.camara.leg.br/presenca-comissoes/votacao-portal?reuniao=59601,29461,MPV 915/2019 - DTQ 5
https://www.camara.leg.br/presenca-comissoes/votacao-portal?reuniao=59601,29456,MPV 915/2019 - DTQ 11
https://www.camara.leg.br/presenca-comissoes/votacao-portal?reuniao=59601,29455,MPV 915/2019 - DTQ 7
https://www.camara.leg.br/presenca-comissoes/votacao-portal?reuniao=59601,29454,MPV 915/2019 - DTQ 8
https://www.camara.leg.br/presenca-comissoes/votacao-portal?reuniao=59601,29452,MPV 915/2019 - DTQ 10
https://www.camara.leg.br/presenca-comissoes/votacao-portal?reuniao=59612,29503,MPV 909/19 - Votação do Parecer da Comissão Mista pelo Atendimento dos Pressupostos Constitucionais
https://www.camara.leg.br/presenca-comissoes/votacao-portal?reuniao=59613,29557,MPV 910/19 - Requerimento de Retirada de Pauta (nominal)
https://www.camara.leg.br/presenca-comissoes/votacao-portal?reuniao=59613,29530,MPV 910/19 - Requerimento de Retirada de Pauta - PSB
https://www.camara.leg.br/presenca-comissoes/votacao-portal?reuniao=59618,29613,PL 1179/2020 - DTQ 10 - PSB
https://www.camara.leg.br/presenca-comissoes/votacao-portal?reuniao=59618,29612,PL 1179/2020 - DTQ 9 - PSB
https://www.camara.leg.br/presenca-comissoes/votacao-portal?reuniao=59618,29611,PL 1179/2020 - DTQ 8 - PSC
https://www.camara.leg.br/presenca-comissoes/votacao-portal?reuniao=59618,29607,PL 1179/2020 - DTQ 3 - PSOL
https://www.camara.leg.br/presenca-comissoes/votacao-portal?reuniao=59618,29600,PL 1179/2020 - DTQ 2 - NOVO (nominal)
https://www.camara.leg.br/presenca-comissoes/votacao-portal?reuniao=59618,29593,PL 1.179/2020 - Substitutivo ao PL nº 1.179/2020
https://www.camara.leg.br/presenca-comissoes/votacao-portal?reuniao=59621,29660,PL 1562/2020 - DTQ 10
https://www.camara.leg.br/presenca-comissoes/votacao-portal?reuniao=59621,29649,PL 1562/2020 - DTQ 9 - PCdoB
https://www.camara.leg.br/presenca-comissoes/votacao-portal?reuniao=59621,29648,PL 1194/2020 - DTQ 3 PT
https://www.camara.leg.br/presenca-comissoes/votacao-portal?reuniao=59621,29643,PL 1562/2020 - DTQ 8 - PT
https://www.camara.leg.br/presenca-comissoes/votacao-portal?reuniao=59621,29642,PL 1562/2020 - DTQ 7 - PT
https://www.camara.leg.br/presenca-comissoes/votacao-portal?reuniao=59621,29641,PL 1562/2020 - DTQ 6 - PT
https://www.camara.leg.br/presenca-comissoes/votacao-portal?reuniao=59621,29640,PL 1.562/2020 - DTQ 5 - PATRIOTA
https://www.camara.leg.br/presenca-comissoes/votacao-portal?reuniao=59621,29639,PL 1194/2020 -
https://www.camara.leg.br/presenca-comissoes/votacao-portal?reuniao=59621,29638,PL 1562/2020 - DTQ 4 PP
https://www.camara.leg.br/presenca-comissoes/votacao-portal?reuniao=59621,29637,PL 1562/2020 - DTQ 3 PSOL
https://www.camara.leg.br/presenca-comissoes/votacao-portal?reuniao=59621,29633,PL 1562/2020 - DTQ 2 - Cidadania
https://www.camara.leg.br/presenca-comissoes/votacao-portal?reuniao=59621,29631,PL 1562/2020 - Substitutivo
https://www.camara.leg.br/presenca-comissoes/votacao-portal?reuniao=59621,29616,PL 550/2019 -
https://www.camara.leg.br/presenca-comissoes/votacao-portal?reuniao=59637,29698,PL 1888/2020 - DTQ 2
https://www.camara.leg.br/presenca-comissoes/votacao-portal?reuniao=59637,29692,PL 2048/2020 - DTQ 2
https://www.camara.leg.br/presenca-comissoes/votacao-portal?reuniao=59637,29691,PL 2048/2020 - DTQ 4
https://www.camara.leg.br/presenca-comissoes/votacao-portal?reuniao=59637,29690,PL 2048/2020 - DTQ 1
https://www.camara.leg.br/presenca-comissoes/votacao-portal?reuniao=59637,29674,PL 1888/2020 -
https://www.camara.leg.br/presenca-comissoes/votacao-portal?reuniao=59639,29790,PL 1397/2020 - DTQ 4
https://www.camara.leg.br/presenca-comissoes/votacao-portal?reuniao=59639,29789,PL 1397/2020 - Vot Nominal
https://www.camara.leg.br/presenca-comissoes/votacao-portal?reuniao=59639,29788,MPV 918/2020 - Emendas
https://www.camara.leg.br/presenca-comissoes/votacao-portal?reuniao=59639,29783,MPV 918/2020 -
https://www.camara.leg.br/presenca-comissoes/votacao-portal?reuniao=59639,29777,PL 1397/2020 - REQ RET
https://www.camara.leg.br/presenca-comissoes/votacao-portal?reuniao=59639,29765,PL 1397/2020 - DTQ 6
https://www.camara.leg.br/presenca-comissoes/votacao-portal?reuniao=59639,29764,PL 1397/2020 -
https://www.camara.leg.br/presenca-comissoes/votacao-portal?reuniao=59639,29762,PL 1291/2020 -
https://www.camara.leg.br/presenca-comissoes/votacao-portal?reuniao=59639,29758,PL 1142/2020 -
https://www.camara.leg.br/presenca-comissoes/votacao-portal?reuniao=59639,29757,PL 1826/2020 -
https://www.camara.leg.br/presenca-comissoes/votacao-portal?reuniao=59639,29754,PL 669/2019 -
https://www.camara.leg.br/presenca-comissoes/votacao-portal?reuniao=59639,29753,PL 2294/2020 - DTQ 1
https://www.camara.leg.br/presenca-comissoes/votacao-portal?reuniao=59639,29733,PL 2294/2020 -
https://www.camara.leg.br/presenca-comissoes/votacao-portal?reuniao=59642,29892,MPV 919/2020 - DTQ 10 PSB
https://www.camara.leg.br/presenca-comissoes/votacao-portal?reuniao=59642,29891,MPV 919/2020 - DTQ 04 (nominal)
https://www.camara.leg.br/presenca-comissoes/votacao-portal?reuniao=59642,29885,MPV 917/2019 - DTQ 3 (NOVO)
https://www.camara.leg.br/presenca-comissoes/votacao-portal?reuniao=59642,29884,MPV 917/2019 - DTQ 2 (PSB)
https://www.camara.leg.br/presenca-comissoes/votacao-portal?reuniao=59642,29873,MPV 919/2020 - DTQ 03 (PT) (nominal)
https://www.camara.leg.br/presenca-comissoes/votacao-portal?reuniao=59642,29864,PL 2159/2020 - PL
https://www.camara.leg.br/presenca-comissoes/votacao-portal?reuniao=59642,29860,PL 2159/2020 - Inicial
https://www.camara.leg.br/presenca-comissoes/votacao-portal?reuniao=59642,29856,PL 1075/2020 - Substitutivo
https://www.camara.leg.br/presenca-comissoes/votacao-portal?reuniao=59642,29820,MPV 920/2020 - PLV
https://www.camara.leg.br/presenca-comissoes/votacao-portal?reuniao=59642,29817,MPV 920/2020 - Pressupostos Constitucionais
https://www.camara.leg.br/presenca-comissoes/votacao-portal?reuniao=59642,29811,MPV 919/2020 - Não Atendimento
https://www.camara.leg.br/presenca-comissoes/votacao-portal?reuniao=59642,29810,MPV 919/2020 - Pressupostos Constitucionais
https://www.camara.leg.br/presenca-comissoes/votacao-portal?reuniao=59642,29803,MPV 917/2019 - Pressupostos Constitucionais
https://www.camara.leg.br/presenca-comissoes/votacao-portal?reuniao=59649,29917,PLP 9/2020 - Subemenda (nominal)
https://www.camara.leg.br/presenca-comissoes/votacao-portal?reuniao=59652,29982,MPV 936/2020 - não atende pressupostos
https://www.camara.leg.br/presenca-comissoes/votacao-portal?reuniao=59652,29980,MPV 936/2020 - DTQ 19
https://www.camara.leg.br/presenca-comissoes/votacao-portal?reuniao=59652,29979,MPV 936/2020 - DTQ 20
https://www.camara.leg.br/presenca-comissoes/votacao-portal?reuniao=59652,29978,MPV 936/2020 - DTQ 17
https://www.camara.leg.br/presenca-comissoes/votacao-portal?reuniao=59652,29976,MPV 936/2020 - DTQ 15 (nominal)
https://www.camara.leg.br/presenca-comissoes/votacao-portal?reuniao=59652,29973,MPV 936/2020 - DTQ 11
https://www.camara.leg.br/presenca-comissoes/votacao-portal?reuniao=59652,29972,MPV 936/2020 - DTQ 12 (nominal)
https://www.camara.leg.br/presenca-comissoes/votacao-portal?reuniao=59652,29966,MPV 936/2020 - DTQ 6
https://www.camara.leg.br/presenca-comissoes/votacao-portal?reuniao=59652,29965,MPV 936/2020 - DTQ 5
https://www.camara.leg.br/presenca-comissoes/votacao-portal?reuniao=59652,29964,MPV 936/2020 - DTQ 3
https://www.camara.leg.br/presenca-comissoes/votacao-portal?reuniao=59652,29924,MPV 936/2020 - PLV
https://www.camara.leg.br/presenca-comissoes/votacao-portal?reuniao=59652,29922,MPV 936/2020 - Pressupostos
https://www.camara.leg.br/presenca-comissoes/votacao-portal?reuniao=59658,29989,PL 2508 2020 - Subst
https://www.camara.leg.br/presenca-comissoes/votacao-portal?reuniao=59658,29985,REQ 1254/2020 -
https://www.camara.leg.br/presenca-comissoes/votacao-portal?reuniao=59658,29984,REQ 1239/2020 -
https://www.camara.leg.br/presenca-comissoes/votacao-portal?reuniao=59659,30083,MPV 923/2020 - DTQ 7
https://www.camara.leg.br/presenca-comissoes/votacao-portal?reuniao=59659,30031,MPV 923/2020 - Subemenda
https://www.camara.leg.br/presenca-comissoes/votacao-portal?reuniao=59659,30030,MPV 923/2020 - Não atendimento
https://www.camara.leg.br/presenca-comissoes/votacao-portal?reuniao=59659,30029,MPV 923/2020 - Atendimento
https://www.camara.leg.br/presenca-comissoes/votacao-portal?reuniao=59659,30025,MPV 923/2020 - Vot Art por Art (nominal)
https://www.camara.leg.br/presenca-comissoes/votacao-portal?reuniao=59659,30022,MPV 923/2020 - Req Ret Pauta (nominal)
https://www.camara.leg.br/presenca-comissoes/votacao-portal?reuniao=59660,30256,PL 1985/2019 -
https://www.camara.leg.br/presenca-comissoes/votacao-portal?reuniao=59660,30188,MPV 923/2020 - DTQ 5 (nominal)
https://www.camara.leg.br/presenca-comissoes/votacao-portal?reuniao=59660,30187,MPV 923/2020 - DTQ 4
https://www.camara.leg.br/presenca-comissoes/votacao-portal?reuniao=59660,30140,MPV 923/2020 - DTQ 11 (nominal)
https://www.camara.leg.br/presenca-comissoes/votacao-portal?reuniao=59660,30137,MPV 923/2020 - DTQ 12 (nominal)
https://www.camara.leg.br/presenca-comissoes/votacao-portal?reuniao=59660,30133,MPV 923/2020 - DTQ 3 (nominal)
https://www.camara.leg.br/presenca-comissoes/votacao-portal?reuniao=59660,30132,MPV 923/2020 - DTQ2 (nominal)
https://www.camara.leg.br/presenca-comissoes/votacao-portal?reuniao=59660,30127,PL 1985/2019 - Substitutivo
https://www.camara.leg.br/presenca-comissoes/votacao-portal?reuniao=59660,30094,MPV 923/2020 - Ret Pauta (nominal)
https://www.camara.leg.br/presenca-comissoes/votacao-portal?reuniao=59670,30374,REQ 1296/2020
https://www.camara.leg.br/presenca-comissoes/votacao-portal?reuniao=59670,30373,REQ 1287/2020 -
https://www.camara.leg.br/presenca-comissoes/votacao-portal?reuniao=59670,30372,REQ 1189/2020
https://www.camara.leg.br/presenca-comissoes/votacao-portal?reuniao=59670,30370,REQ 615/20 (nominal)
https://www.camara.leg.br/presenca-comissoes/votacao-portal?reuniao=59670,30369,REQ 533/20 (nominal)
https://www.camara.leg.br/presenca-comissoes/votacao-portal?reuniao=59670,30356,PL 1562/2020 - Substitutivo
https://www.camara.leg.br/presenca-comissoes/votacao-portal?reuniao=59670,30354,PL 1409/2020 -
https://www.camara.leg.br/presenca-comissoes/votacao-portal?reuniao=59670,30348,PL 675/2020 - Substitutivo
https://www.camara.leg.br/presenca-comissoes/votacao-portal?reuniao=59670,30296,REQ 654/2020 (nominal)
https://www.camara.leg.br/presenca-comissoes/votacao-portal?reuniao=59674,30454,Substitutivo oferecido ao Projeto de Lei nº 1291/2020
https://www.camara.leg.br/presenca-comissoes/votacao-portal?reuniao=59675,30525,MPV 932/2020 - Dtq 2
https://www.camara.leg.br/presenca-comissoes/votacao-portal?reuniao=59675,30524,MPV 932/2020 - Dtq 6 (nominal)
https://www.camara.leg.br/presenca-comissoes/votacao-portal?reuniao=59675,30517,MPV 932/2020 - PLV
https://www.camara.leg.br/presenca-comissoes/votacao-portal?reuniao=59675,30515,MPV 932/2020 - Dtq 8
https://www.camara.leg.br/presenca-comissoes/votacao-portal?reuniao=59675,30513,MPV 932/2020 - Não Atendimento
https://www.camara.leg.br/presenca-comissoes/votacao-portal?reuniao=59675,30512,MPV 932/2020 - Atendimento
https://www.camara.leg.br/presenca-comissoes/votacao-portal?reuniao=59675,30482,MPV 927/2020 - Ad Disc 1 Sessão
https://www.camara.leg.br/presenca-comissoes/votacao-portal?reuniao=59675,30481,MPV 927/2020 - Ad Disc 2 Sessões (nominal)
https://www.camara.leg.br/presenca-comissoes/votacao-portal?reuniao=59675,30480,MPV 927/2020 - Ret pauta (nominal)
https://www.camara.leg.br/presenca-comissoes/votacao-portal?reuniao=59680,30634,MPV 927/2020 - DTQ 03 (nominal)
https://www.camara.leg.br/presenca-comissoes/votacao-portal?reuniao=59680,30633,MPV 927/2020 - Emen Reje (nominal)
https://www.camara.leg.br/presenca-comissoes/votacao-portal?reuniao=59680,30632,MPV 927/2020 - PLV (nominal)
https://www.camara.leg.br/presenca-comissoes/votacao-portal?reuniao=59680,30629,MPV 927/2020 - Não Atendimento (nominal)
https://www.camara.leg.br/presenca-comissoes/votacao-portal?reuniao=59680,30628,MPV 927/2020 - Requerimento de Retirada de Pauta (nominal)
https://www.camara.leg.br/presenca-comissoes/votacao-portal?reuniao=59680,30578,MPV 927/2020 - Par Atendimento (nominal)
https://www.camara.leg.br/presenca-comissoes/votacao-portal?reuniao=59680,30574,MPV 927/2020 - Vot Artigo por Artigo (nominal)
https://www.camara.leg.br/presenca-comissoes/votacao-portal?reuniao=59683,30715,PL 1013/2020 - DTQ 13
https://www.camara.leg.br/presenca-comissoes/votacao-portal?reuniao=59683,30714,PL 1013/2020 - DTQ 12 (nominal)
https://www.camara.leg.br/presenca-comissoes/votacao-portal?reuniao=59683,30712,PL 1013/2020 - DTQ 15
https://www.camara.leg.br/presenca-comissoes/votacao-portal?reuniao=59683,30711,MPV 927/2020 - DTQ 16 (nominal)
https://www.camara.leg.br/presenca-comissoes/votacao-portal?reuniao=59683,30710,PL 1013/2020 - DTQ 14
https://www.camara.leg.br/presenca-comissoes/votacao-portal?reuniao=59683,30708,PL 1013/2020 - DTQ 11 (nominal)
https://www.camara.leg.br/presenca-comissoes/votacao-portal?reuniao=59683,30698,PL 1013/2020 - Subst
https://www.camara.leg.br/presenca-comissoes/votacao-portal?reuniao=59683,30697,MPV 927/2020 - DTQ 13 (nominal)
https://www.camara.leg.br/presenca-comissoes/votacao-portal?reuniao=59683,30695,MPV 927/2020 - DTQ 12 (nominal)
https://www.camara.leg.br/presenca-comissoes/votacao-portal?reuniao=59683,30694,MPV 927/2020 - DTQ 01 (nominal)
https://www.camara.leg.br/presenca-comissoes/votacao-portal?reuniao=59683,30693,MPV 927/2020 - DTQ 08 (nominal)
https://www.camara.leg.br/presenca-comissoes/votacao-portal?reuniao=59683,30692,MPV 927/2020 - DTQ 11 (nominal)
https://www.camara.leg.br/presenca-comissoes/votacao-portal?reuniao=59683,30691,MPV 927/2020 - DTQ 15 (nominal)
https://www.camara.leg.br/presenca-comissoes/votacao-portal?reuniao=59683,30690,MPV 927/2020 - DTQ 10 (nominal)
https://www.camara.leg.br/presenca-comissoes/votacao-portal?reuniao=59683,30689,MPV 927/2020 - DTQ 02 (nominal)
https://www.camara.leg.br/presenca-comissoes/votacao-portal?reuniao=59683,30688,MPV 927/2020 - DTQ 06 (nominal)
https://www.camara.leg.br/presenca-comissoes/votacao-portal?reuniao=59683,30673,MPV 927/2020 - retirada (nominal)
https://www.camara.leg.br/presenca-comissoes/votacao-portal?reuniao=59686,30761,PL 1079/20 - Dest 7
https://www.camara.leg.br/presenca-comissoes/votacao-portal?reuniao=59686,30756,PL 1079/20 - Subst Rejeição
https://www.camara.leg.br/presenca-comissoes/votacao-portal?reuniao=59686,30735,PL 1079/2020 - Dest 5
https://www.camara.leg.br/presenca-comissoes/votacao-portal?reuniao=59686,30734,PL 1079/20 - Dest 6
https://www.camara.leg.br/presenca-comissoes/votacao-portal?reuniao=59686,30733,PL 1079/2020 - Dest 3
https://www.camara.leg.br/presenca-comissoes/votacao-portal?reuniao=59686,30732,PL 1079/2020 - Dest 2 (nominal)
https://www.camara.leg.br/presenca-comissoes/votacao-portal?reuniao=59686,30730,Pl 1079/20 - Subst
https://www.camara.leg.br/presenca-comissoes/votacao-portal?reuniao=59686,30721,PL 1494/20 - Subst
https://www.camara.leg.br/presenca-comissoes/votacao-portal?reuniao=59693,30847,PL 3267/19 - Destaque 22
https://www.camara.leg.br/presenca-comissoes/votacao-portal?reuniao=59693,30813,PL 3267/19 - Destaque 13 (nominal)
https://www.camara.leg.br/presenca-comissoes/votacao-portal?reuniao=59693,30806,PL 3267/19 - Subem - Subemenda substitutiva (nominal)
https://www.camara.leg.br/presenca-comissoes/votacao-portal?reuniao=59693,30799,PL 3267/19 - Ad Disc 1 Sessão - Req. para adiamento da discussão por uma Sessão
https://www.camara.leg.br/presenca-comissoes/votacao-portal?reuniao=59693,30798,PL 3267/19 - Ad Disc 2 Sessões - Req. para adiamento da discussão por duas Sessões
https://www.camara.leg.br/presenca-comissoes/votacao-portal?reuniao=59693,30797,PL 3267/2019 - Ret Pauta (nominal)
https://www.camara.leg.br/presenca-comissoes/votacao-portal?reuniao=59701,30887,PL 3267/19 - Destaque 24
https://www.camara.leg.br/presenca-comissoes/votacao-portal?reuniao=59701,30875,PL 3267/19 - Destaque 16 (nominal)
https://www.camara.leg.br/presenca-comissoes/votacao-portal?reuniao=59701,30874,PL 3267/19 - Destaque 3 (nominal)
https://www.camara.leg.br/presenca-comissoes/votacao-portal?reuniao=59701,30873,PL 3267/19 - Destaque 18 (nominal)
https://www.camara.leg.br/presenca-comissoes/votacao-portal?reuniao=59701,30872,PL 3267/19 - Destaque 7
https://www.camara.leg.br/presenca-comissoes/votacao-portal?reuniao=59701,30871,PL 3267/19 - Destaque 2 (nominal)
https://www.camara.leg.br/presenca-comissoes/votacao-portal?reuniao=59701,30870,PL 3267/19 - Destaque 17 (nominal)
https://www.camara.leg.br/presenca-comissoes/votacao-portal?reuniao=59701,30869,PL 3267/19 - Destaque 5 (nominal)
https://www.camara.leg.br/presenca-comissoes/votacao-portal?reuniao=59704,30911,"PDL 657/19 - Projeto de Decreto Legislativo de Acordos, tratados ou atos internacionais nº 657/2019"
https://www.camara.leg.br/presenca-comissoes/votacao-portal?reuniao=59704,30903,PL 3267/19 - Destaque 25 (nominal)
https://www.camara.leg.br/presenca-comissoes/votacao-portal?reuniao=59704,30897,PL 3267/19 - Destaque 21 (nominal)
https://www.camara.leg.br/presenca-comissoes/votacao-portal?reuniao=59704,30896,PL 3267/19 - Destaque 12 (nominal)
https://www.camara.leg.br/presenca-comissoes/votacao-portal?reuniao=59704,30895,PL 3267/19 - Destaque 4 (nominal)
https://www.camara.leg.br/presenca-comissoes/votacao-portal?reuniao=59704,30894,PL 3267/19 - Destaque 15 (nominal)
https://www.camara.leg.br/presenca-comissoes/votacao-portal?reuniao=59706,31027,MPV 944/2020 - DTQ 18 - PSOL (nominal)
https://www.camara.leg.br/presenca-comissoes/votacao-portal?reuniao=59706,31023,MPV 944/2020 - DTQ 12 (nominal)
https://www.camara.leg.br/presenca-comissoes/votacao-portal?reuniao=59706,31015,MPV 944/2020 - DTQ 10 (nominal)
https://www.camara.leg.br/presenca-comissoes/votacao-portal?reuniao=59706,31014,MPV 931/2020 - DTQ 7
https://www.camara.leg.br/presenca-comissoes/votacao-portal?reuniao=59706,31013,MPV 931/2020 - Subemenda substitutiva
https://www.camara.leg.br/presenca-comissoes/votacao-portal?reuniao=59706,31008,MPV 931/2020 - dtq 2
https://www.camara.leg.br/presenca-comissoes/votacao-portal?reuniao=59706,31007,MPV 931/2020 - dtq 03
https://www.camara.leg.br/presenca-comissoes/votacao-portal?reuniao=59706,31006,MPV 931/2020 - dtq 01
https://www.camara.leg.br/presenca-comissoes/votacao-portal?reuniao=59706,31005,MPV 931/2020 - pressupostos aprv 1
https://www.camara.leg.br/presenca-comissoes/votacao-portal?reuniao=59706,30951,MPV 944/2020 - DTQ5
https://www.camara.leg.br/presenca-comissoes/votacao-portal?reuniao=59706,30946,MPV 944/2020 - plv
https://www.camara.leg.br/presenca-comissoes/votacao-portal?reuniao=59706,30944,MPV 944/2020 - NAO ATEND
https://www.camara.leg.br/presenca-comissoes/votacao-portal?reuniao=59706,30943,MPV 944/2020 - ATT PRESS
https://www.camara.leg.br/presenca-comissoes/votacao-portal?reuniao=59706,30934,"MPV 931/2020 -Não Atendim/Par Com Mista - Parecer da Comissão Mista - Não Atendimento - Constituição Federal e Resolução nº 1, de 2002"
https://www.camara.leg.br/presenca-comissoes/votacao-portal?reuniao=59712,31120,MPV 934/20 - Sub Subst - Subemenda Substitutiva oferecida (à/ao) Medida Provisória nº 934/2020
https://www.camara.leg.br/presenca-comissoes/votacao-portal?reuniao=59712,31119,"MPV 934/2020 - Par Não Atendim - Parecer da Comissão Mista - Não Atendimento - Constituição Federal e Resolução nº 1, de 2002"
https://www.camara.leg.br/presenca-comissoes/votacao-portal?reuniao=59712,31118,"MPV 934/20 - Par Atendim - Parecer da Comissão Mista - Atendimento - Constituição Federal e Resolução nº 1, de 2002"
https://www.camara.leg.br/presenca-comissoes/votacao-portal?reuniao=59712,31115,MPV 930/20 - Destaque 1
https://www.camara.leg.br/presenca-comissoes/votacao-portal?reuniao=59712,31108,MPV 930/2020 - PLV - Projeto de Lei de Conversão
https://www.camara.leg.br/presenca-comissoes/votacao-portal?reuniao=59712,31107,MPV 930/2020 - Sub Subst - Subemenda Substitutiva oferecida (à/ao) Medida Provisória nº 930/2020
https://www.camara.leg.br/presenca-comissoes/votacao-portal?reuniao=59712,31106,"MPV 930/2020 - Par Não Atendim - Parecer da Comissão Mista - Não Atendimento - Constituição Federal e Resolução nº 1, de 2002"
https://www.camara.leg.br/presenca-comissoes/votacao-portal?reuniao=59712,31105,"MPV 930/2020 - Par Atendim - Parecer da Comissão Mista - Atendimento - Constituição Federal e Resolução nº 1, de 2002"
https://www.camara.leg.br/presenca-comissoes/votacao-portal?reuniao=59712,31104,MPV 930/2020 - Inicial
https://www.camara.leg.br/presenca-comissoes/votacao-portal?reuniao=59712,31035,MPV 944/20 - Destaque 4 (nominal)
https://www.camara.leg.br/presenca-comissoes/votacao-portal?reuniao=59712,31034,MPV 944/20 - Destaque 6 (nominal)
https://www.camara.leg.br/presenca-comissoes/votacao-portal?reuniao=59712,31032,MPV 944/20 - Destaque 11 (nominal)
https://www.camara.leg.br/presenca-comissoes/votacao-portal?reuniao=59712,31030,MPV 944/20 - Destaque 8 (nominal)
https://www.camara.leg.br/presenca-comissoes/votacao-portal?reuniao=59723,31165,PEC 18/20 - EMR (nominal)
https://www.camara.leg.br/presenca-comissoes/votacao-portal?reuniao=59723,31164,PEC 18/20 - DTQ3 (nominal)
https://www.camara.leg.br/presenca-comissoes/votacao-portal?reuniao=59723,31155,PEC 18/2020 (Fase 1 - CD) - Req Ret Pauta - Requerimento para Retirada de Pauta (nominal)
https://www.camara.leg.br/presenca-comissoes/votacao-portal?reuniao=59723,31154,PEC 18/20 - DTQ4 (nominal)
https://www.camara.leg.br/presenca-comissoes/votacao-portal?reuniao=59723,31153,PEC 18/20 - DTQ1 (nominal)
https://www.camara.leg.br/presenca-comissoes/votacao-portal?reuniao=59723,31152,PEC 18/20 - 2 Turno (nominal)
https://www.camara.leg.br/presenca-comissoes/votacao-portal?reuniao=59723,31150,PEC 18/20 - 1 Turno (nominal)
https://www.camara.leg.br/presenca-comissoes/votacao-portal?reuniao=59723,31148,PEC 18/20 - Admissibilidade
